ibge_code,population
1100015,22728
1100023,109523
1100031,5188
1100049,85893
1100056,16204
1100064,15544
1100072,7220
1100080,18798
1100098,32695
1100106,46556
1100114,51620
1100122,130009
1100130,40867
1100148,20489
1100155,35737
1100189,36881
1100205,539354
1100254,18571
1100262,3804
1100288,55407
1100296,6216
1100304,102211
1100320,23077
1100338,31392
1100346,14106
1100379,13255
1100403,21847
1100452,40356
1100502,8329
1100601,6269
1100700,14266
1100809,27388
1100908,2987
1100924,11472
1100940,26183
1101005,7445
1101104,10641
1101203,9559
1101302,10818
1101401,16007
1101435,6895
1101450,6198
1101468,2148
1101476,2776
1101484,5066
1101492,20681
1101500,11851
1101559,4233
1101609,10395
1101708,11272
1101757,11377
1101807,6656
1200013,15490
1200054,7534
1200104,26702
1200138,10420
1200179,12008
1200203,89072
1200252,18696
1200302,34884
1200328,8473
1200336,19311
1200344,9581
1200351,19299
1200385,19955
1200393,12241
1200401,413418
1200427,19351
1200435,6717
1200450,23236
1200500,46511
1200609,43151
1200708,19596
1200807,18824
1300029,16220
1300060,11736
1300086,13956
1300102,21477
1300144,22359
1300201,20398
1300300,40290
1300409,27638
1300508,32483
1300607,43935
1300631,20093
1300680,19626
1300706,34635
1300805,41748
1300839,13283
1300904,15807
1301001,28508
1301100,38348
1301159,30846
1301209,85910
1301308,29168
1301407,35700
1301506,20393
1301605,17005
1301654,16937
1301704,56144
1301803,30436
1301852,49011
1301902,102701
1301951,7814
1302009,9230
1302108,2251
1302207,15106
1302306,13886
1302405,46882
1302504,98502
1302553,33049
1302603,2219580
1302702,56583
1302801,18261
1302900,65040
1303007,21443
1303106,38026
1303205,19928
1303304,26046
1303403,115363
1303502,19522
1303536,37193
1303569,34106
1303601,25865
1303700,21243
1303809,46303
1303908,40073
1303957,14352
1304005,9230
1304062,67182
1304104,17015
1304203,59547
1304237,18897
1304260,13690
1304302,16130
1304401,23585
1400027,13185
1400050,15380
1400100,419652
1400159,12557
1400175,18799
1400209,22283
1400233,10383
1400282,12296
1400308,18172
1400407,11532
1400456,18913
1400472,30782
1400506,8348
1400605,8110
1400704,10789
1500107,159080
1500131,7486
1500206,55669
1500305,39567
1500347,27615
1500404,57092
1500503,34076
1500602,115969
1500701,29688
1500800,535547
1500859,28607
1500909,46471
1500958,31773
1501006,16404
1501105,31325
1501204,48459
1501253,3262
1501303,127027
1501402,1499641
1501451,17839
1501501,63768
1501576,17118
1501600,16530
1501709,128914
1501725,14983
1501758,7368
1501782,67332
1501808,103497
1501907,29427
1501956,34609
1502004,24064
1502103,139364
1502152,38103
1502202,69431
1502301,54425
1502400,203251
1502509,23948
1502608,12131
1502707,47991
1502756,33781
1502764,13761
1502772,17846
1502806,34994
1502855,14587
1502905,40584
1502939,60469
1502954,33940
1503002,7070
1503044,20525
1503077,26111
1503093,41081
1503101,33755
1503200,39023
1503309,63036
1503408,11861
1503457,65625
1503507,32595
1503606,101395
1503705,53355
1503754,7590
1503804,59842
1503903,58960
1504000,29282
1504059,30235
1504109,8573
1504208,283542
1504307,29516
1504406,28450
1504422,133685
1504455,31975
1504505,27890
1504604,31530
1504703,83182
1504752,16184
1504802,58162
1504901,40906
1504950,21444
1504976,16854
1505007,15506
1505031,25766
1505064,77214
1505106,52306
1505205,32850
1505304,74016
1505403,17961
1505437,33335
1505486,48414
1505494,7582
1505502,114503
1505536,213576
1505551,5410
1505601,8081
1505635,12979
1505650,31659
1505700,31549
1505809,62945
1505908,41801
1506005,29846
1506104,10857
1506112,13702
1506138,85563
1506161,18201
1506187,52803
1506195,51500
1506203,40922
1506302,24075
1506351,21449
1506401,10314
1506500,71837
1506559,19843
1506583,21850
1506609,24995
1506708,74419
1506807,306480
1506906,6753
1507003,31918
1507102,18129
1507151,25753
1507201,32139
1507300,132138
1507409,15930
1507458,24705
1507466,6217
1507474,23244
1507508,14051
1507607,59632
1507706,26974
1507755,6009
1507805,11480
1507904,25565
1507953,108969
1507961,11847
1507979,18917
1508001,64030
1508035,31257
1508050,19168
1508084,40136
1508100,115144
1508126,60761
1508159,45435
1508209,54172
1508308,61751
1508357,15279
1508407,45086
1600055,5488
1600105,9187
1600154,17067
1600204,11306
1600212,6101
1600238,7967
1600253,5617
1600279,51362
1600303,512902
1600402,22053
1600501,27906
1600535,22452
1600550,5246
1600600,123096
1600709,17769
1600808,16254
1700251,2594
1700301,6892
1700350,5346
1700400,6979
1700707,8396
1701002,9492
1701051,3454
1701101,4848
1701309,5731
1701903,7155
1702000,8467
1702109,183381
1702158,5793
1702208,36170
1702307,6616
1702406,10534
1702554,18643
1702703,3783
1702901,9787
1703008,10666
1703057,3592
1703073,4632
1703107,5651
1703206,4448
1703305,5008
1703602,2211
1703701,5519
1703800,11497
1703826,2284
1703842,10312
1703867,4441
1703883,2603
1703891,4130
1703909,5442
1704105,2936
1704600,1410
1705102,3331
1705508,35851
1705557,4861
1705607,4087
1706001,5639
1706100,7278
1706258,1735
1706506,6174
1707009,22424
1707108,6943
1707207,7185
1707306,4686
1707405,11139
1707553,3830
1707652,5243
1707702,8874
1708205,18399
1708254,2602
1708304,5130
1709005,13095
1709302,26165
1709500,87545
1709807,2052
1710508,7452
1710706,5832
1710904,3795
1711100,2420
1711506,3878
1711803,2184
1711902,13676
1711951,4393
1712009,3167
1712157,1954
1712405,3733
1712454,3154
1712504,5254
1712702,2729
1712801,3448
1713205,17936
1713304,13493
1713601,8066
1713700,2295
1713809,6745
1713957,3587
1714203,9250
1714302,3834
1714880,11917
1715002,4304
1715101,4397
1715150,2332
1715259,2745
1715507,1118
1715705,6131
1715754,7676
1716109,51891
1716208,10437
1716307,4867
1716505,13773
1716604,11873
1716653,5512
1716703,8141
1717008,4430
1717206,3033
1717503,7743
1717800,4591
1717909,8116
1718006,3170
1718204,53316
1718303,8498
1718402,3676
1718451,2717
1718501,4342
1718550,4684
1718659,2171
1718709,2856
1718758,6488
1718808,4794
1718840,3373
1718865,7595
1718881,3486
1718899,2386
1718907,4846
1719004,2897
1720002,2530
1720101,5391
1720150,1598
1720200,12294
1720259,3094
1720309,4852
1720499,3904
1720655,5428
1720804,8997
1720853,1986
1720903,16825
1720937,2166
1720978,2812
1721000,306296
1721109,7617
1721208,22845
1721257,1922
1721307,2729
1722081,11734
1722107,11520
2100055,113121
2100105,6578
2100154,12652
2100204,22112
2100303,26757
2100402,8189
2100436,27858
2100477,31943
2100501,11212
2100550,7005
2100600,41729
2100709,26988
2100808,15894
2100832,17413
2100873,15551
2100907,46771
2100956,32764
2101004,29932
2101103,12183
2101202,104790
2101251,17252
2101301,18654
2101350,5670
2101400,95929
2101509,18924
2101608,88492
2101707,63217
2101731,7528
2101772,11279
2101806,5638
2101905,21299
2101939,6073
2101970,8382
2102002,41822
2102036,34567
2102077,16438
2102101,36651
2102150,9014
2102200,28798
2102309,23939
2102325,72983
2102358,15467
2102374,9478
2102408,11216
2102507,19451
2102556,14453
2102606,20278
2102705,22117
2102754,10935
2102804,24165
2102903,23952
2103000,165525
2103109,10693
2103125,8740
2103158,13670
2103174,21840
2103208,80195
2103257,14777
2103307,123116
2103406,49621
2103505,41312
2103554,16400
2103604,65544
2103703,32626
2103752,12916
2103802,23372
2103901,11401
2104008,17104
2104057,42527
2104073,8484
2104081,10460
2104099,19258
2104107,12647
2104206,15567
2104305,11963
2104404,17944
2104503,10886
2104552,18520
2104602,16882
2104628,7841
2104651,10151
2104677,25539
2104701,6261
2104800,70065
2104909,11997
2105005,28932
2105104,27269
2105153,14324
2105203,11387
2105302,259337
2105351,16005
2105401,68723
2105427,26068
2105450,10310
2105476,17040
2105500,23740
2105609,16198
2105658,4392
2105708,50616
2105807,10869
2105906,16314
2105922,11265
2105948,8857
2105963,11464
2105989,7602
2106003,11918
2106102,12214
2106201,6984
2106300,20029
2106326,21586
2106359,7775
2106375,16511
2106409,16977
2106508,23482
2106607,33943
2106631,17033
2106672,8483
2106706,21031
2106755,28754
2106805,15011
2106904,33664
2107001,9111
2107100,19572
2107209,14642
2107258,5427
2107308,4682
2107357,21080
2107407,19561
2107456,14836
2107506,123747
2107605,19781
2107704,21479
2107803,35008
2107902,19137
2108009,19583
2108058,16166
2108108,21066
2108207,39191
2108256,25354
2108306,38731
2108405,14345
2108454,23364
2108504,33065
2108603,83777
2108702,21379
2108801,18720
2108900,17595
2109007,24092
2109056,5955
2109106,48036
2109205,12838
2109239,7070
2109270,19069
2109304,11261
2109403,15431
2109452,31177
2109502,20334
2109551,7825
2109601,42994
2109700,5679
2109759,7826
2109809,42483
2109908,89489
2110005,72887
2110039,25371
2110104,25764
2110203,38298
2110237,13547
2110278,16034
2110302,14522
2110401,18717
2110500,45604
2110609,28667
2110658,7420
2110708,34384
2110807,4562
2110856,11941
2110906,12218
2111003,20701
2111029,15787
2111052,11193
2111078,18645
2111102,25996
2111201,179028
2111250,7640
2111300,1108975
2111409,18727
2111508,41579
2111532,12735
2111573,4684
2111607,18980
2111631,5131
2111672,6789
2111706,22350
2111722,14096
2111748,11214
2111763,14050
2111789,10299
2111805,18160
2111904,10634
2111953,5676
2112001,8582
2112100,29183
2112209,170222
2112233,22112
2112274,5854
2112308,42040
2112407,35709
2112456,25868
2112506,59398
2112605,33459
2112704,57168
2112803,52649
2112852,13598
2112902,32861
2113009,31522
2114007,51956
2200053,7102
2200103,5131
2200202,17470
2200251,7665
2200277,4918
2200301,14339
2200400,40605
2200459,5445
2200509,17604
2200608,6783
2200707,9938
2200806,3170
2200905,5827
2200954,2551
2201002,4720
2201051,7863
2201101,11326
2201150,11671
2201176,3952
2201200,47185
2201309,3352
2201408,7027
2201507,26905
2201556,4030
2201572,3587
2201606,10473
2201705,5507
2201739,6210
2201770,6815
2201804,4505
2201903,25387
2201919,5651
2201929,5685
2201945,6426
2201960,8347
2201988,3848
2202000,19807
2202026,8264
2202059,10630
2202075,3573
2202083,7674
2202091,5781
2202109,5620
2202117,5069
2202133,5965
2202174,7311
2202208,46893
2202251,3944
2202307,21258
2202406,11445
2202455,4114
2202505,10964
2202539,5890
2202554,5085
2202604,19715
2202653,5451
2202703,27845
2202711,4899
2202729,6168
2202737,4032
2202752,6516
2202778,7661
2202802,4807
2202851,4685
2202901,26709
2203008,8323
2203107,10444
2203206,11426
2203230,4968
2203255,4459
2203271,5367
2203305,13840
2203354,7029
2203404,6922
2203420,4354
2203453,9565
2203503,14575
2203602,4930
2203701,39848
2203750,5319
2203800,4462
2203859,2560
2203909,60025
2204006,5347
2204105,4323
2204154,3200
2204204,9372
2204303,11659
2204352,5460
2204402,10694
2204501,10497
2204550,4568
2204600,3879
2204659,9457
2204709,15319
2204808,9838
2204907,8566
2205003,11551
2205102,11028
2205151,5729
2205201,19170
2205250,4513
2205276,4875
2205300,4447
2205359,3005
2205409,14376
2205458,5466
2205508,39336
2205516,5485
2205524,5640
2205532,4777
2205540,2858
2205557,8577
2205565,4656
2205573,6777
2205581,4075
2205599,5198
2205607,5283
2205706,30438
2205805,25504
2205854,8342
2205904,5351
2205953,8543
2206001,4547
2206050,6449
2206100,10958
2206209,33833
2206308,1242
2206357,6608
2206407,10564
2206506,7767
2206605,10615
2206654,4530
2206670,6811
2206696,9209
2206704,7322
2206720,8602
2206753,4891
2206803,8723
2206902,6556
2206951,3003
2207009,37085
2207108,2468
2207207,6873
2207306,4126
2207355,3404
2207405,5036
2207504,14587
2207553,3937
2207603,10819
2207702,153482
2207751,4323
2207777,6406
2207793,4065
2207801,20554
2207850,3669
2207900,38778
2207934,2544
2207959,4383
2208007,78431
2208106,12139
2208205,18459
2208304,28874
2208403,63787
2208502,12608
2208551,2720
2208601,3150
2208650,9017
2208700,8796
2208809,17979
2208858,4309
2208874,4488
2208908,7376
2209005,6433
2209104,6247
2209153,4033
2209203,6254
2209302,5882
2209351,4642
2209377,5255
2209401,6441
2209450,2166
2209500,3803
2209559,4451
2209609,2932
2209658,5779
2209708,6420
2209757,3057
2209807,5030
2209856,4614
2209872,6064
2209906,6122
2209955,4848
2209971,8038
2210003,20662
2210052,5354
2210102,3741
2210201,6700
2210300,6371
2210359,4577
2210375,2646
2210383,2454
2210391,3038
2210409,17639
2210508,14324
2210607,34877
2210623,3451
2210631,4303
2210656,10058
2210706,14649
2210805,12746
2210904,4563
2210938,6767
2210953,2929
2210979,2773
2211001,868075
2211100,44569
2211209,21655
2211308,20929
2211357,4938
2211407,4386
2211506,3080
2211605,2952
2211704,4471
2300101,11853
2300150,15036
2300200,63104
2300309,54481
2300408,17493
2300507,11781
2300606,7650
2300705,17196
2300754,43829
2300804,7378
2300903,14672
2301000,80935
2301109,74975
2301208,26535
2301257,10959
2301307,21654
2301406,11802
2301505,7844
2301604,23478
2301703,24610
2301802,6303
2301851,18256
2301901,61228
2301950,22573
2302008,22758
2302057,15044
2302107,35941
2302206,53949
2302305,32722
2302404,54577
2302503,49842
2302602,63907
2302701,27470
2302800,77244
2302909,17786
2303006,22782
2303105,18459
2303204,26987
2303303,18699
2303402,17685
2303501,72232
2303600,20871
2303659,10376
2303709,365212
2303808,25585
2303907,13091
2303931,13565
2303956,20274
2304004,23239
2304103,75159
2304202,133031
2304236,18133
2304251,24977
2304269,9662
2304277,7225
2304285,54337
2304301,19389
2304350,24452
2304400,2686612
2304459,16631
2304509,14134
2304608,7694
2304657,14407
2304707,54962
2304806,4814
2304905,11144
2304954,26290
2305001,40784
2305100,5132
2305209,20053
2305233,68529
2305266,13369
2305308,25082
2305332,12629
2305357,20060
2305407,68162
2305506,103074
2305605,26187
2305654,11596
2305704,12485
2305803,42058
2305902,38114
2306009,14326
2306108,24305
2306207,7866
2306256,38325
2306306,53067
2306405,130539
2306504,20520
2306553,42215
2306603,21836
2306702,18147
2306801,11492
2306900,34636
2307007,33834
2307106,27181
2307205,8130
2307254,20087
2307304,276264
2307403,24892
2307502,31492
2307601,59890
2307635,19864
2307650,229458
2307700,130346
2307809,27595
2307908,11321
2308005,39044
2308104,48168
2308203,15185
2308302,27462
2308351,13142
2308377,13894
2308401,35480
2308500,43858
2308609,17249
2308708,61738
2308807,8779
2308906,22685
2309003,14549
2309102,10941
2309201,15684
2309300,32408
2309409,28673
2309458,25833
2309508,21384
2309607,73188
2309706,84554
2309805,12288
2309904,6549
2310001,9422
2310100,13439
2310209,35304
2310258,32992
2310308,31455
2310407,12252
2310506,43309
2310605,9143
2310704,37900
2310803,16331
2310852,20769
2310902,17086
2310951,11001
2311009,12347
2311108,14958
2311207,11106
2311231,6437
2311264,21166
2311306,88321
2311355,16147
2311405,81778
2311504,22293
2311603,29146
2311702,18385
2311801,78882
2311900,15788
2311959,16635
2312007,32654
2312106,17712
2312205,43711
2312304,48131
2312403,48869
2312502,7601
2312601,13044
2312700,25456
2312809,7691
2312908,210711
2313005,18357
2313104,30807
2313203,26225
2313252,8573
2313302,59062
2313351,19371
2313401,76537
2313500,56291
2313559,16431
2313609,35047
2313708,7736
2313757,19903
2313807,22040
2313906,13915
2313955,18471
2314003,40903
2314102,61410
2400109,11121
2400208,58384
2400307,11029
2400406,3272
2400505,13553
2400604,4710
2400703,14728
2400802,11705
2400901,7154
2401008,35874
2401107,27967
2401206,14417
2401305,9670
2401404,9322
2401453,28747
2401503,3994
2401602,5525
2401651,2197
2401701,10267
2401800,12787
2401859,6561
2401909,3715
2402006,68343
2402105,11291
2402204,34548
2402303,20541
2402402,8239
2402501,10867
2402600,73886
2402709,11181
2402808,5504
2402907,4915
2403004,7983
2403103,44905
2403202,7072
2403251,267036
2403301,5668
2403400,6054
2403509,10484
2403608,28936
2403707,5997
2403756,3067
2403806,9786
2403905,2813
2404002,4041
2404101,2845
2404200,26669
2404309,13076
2404408,10463
2404507,15963
2404606,13901
2404705,15626
2404804,2253
2404853,7595
2404903,5897
2405009,9238
2405108,6893
2405207,5248
2405306,10275
2405405,4995
2405504,2606
2405603,14942
2405702,12396
2405801,35160
2405900,2654
2406007,5946
2406106,18315
2406155,3922
2406205,6811
2406304,7584
2406403,2732
2406502,15749
2406601,8297
2406700,11344
2406809,4763
2406908,4025
2407005,10146
2407104,81821
2407203,32039
2407252,4062
2407302,8336
2407401,8758
2407500,12544
2407609,4634
2407708,11208
2407807,22576
2407906,2084
2408003,300618
2408102,890480
2408201,27938
2408300,37450
2408409,4244
2408508,4813
2408607,4276
2408706,3750
2408805,5272
2408904,21545
2408953,10905
2409100,13474
2409209,3102
2409308,12809
2409332,5621
2409407,30600
2409506,3199
2409605,2438
2409704,6653
2409803,14844
2409902,15272
2410009,3869
2410108,15531
2410207,7906
2410256,6522
2410306,10522
2410405,9724
2410504,5128
2410603,3208
2410702,3614
2410801,4199
2410900,8220
2411007,4462
2411056,4140
2411106,3592
2411205,39988
2411403,11956
2411429,2689
2411502,24280
2411601,2717
2411700,4495
2411809,3595
2411908,4255
2412005,103672
2412104,6207
2412203,44236
2412302,12879
2412401,4665
2412500,23655
2412559,10362
2412609,17720
2412708,5930
2412807,8192
2412906,11053
2413003,6450
2413102,6127
2413201,4484
2413300,5751
2413359,12083
2413409,8092
2413508,6178
2413557,4816
2413607,2088
2413706,5561
2413805,2586
2413904,12297
2414001,15869
2414100,10855
2414159,6019
2414209,14440
2414308,2421
2414407,33503
2414456,3216
2414506,10520
2414605,14800
2414704,5515
2414753,4205
2414803,12637
2414902,1725
2415008,3194
2500106,10306
2500205,5630
2500304,28439
2500403,20921
2500502,14560
2500536,5509
2500577,2577
2500601,19727
2500700,18026
2500734,2251
2500775,8416
2500809,16921
2500908,13542
2501005,20463
2501104,22656
2501153,2116
2501203,7027
2501302,19116
2501351,4029
2501401,9096
2501500,21269
2501534,4964
2501575,8349
2501609,15497
2501708,6065
2501807,97203
2501906,17705
2502003,7349
2502052,3536
2502102,5307
2502151,7136
2502201,2575
2502300,4956
2502409,12022
2502508,17870
2502607,6105
2502706,5287
2502805,14206
2502904,6464
2503001,21955
2503100,5661
2503209,68767
2503308,10305
2503407,3695
2503506,17178
2503555,7199
2503605,7191
2503704,62289
2503753,3205
2503803,6046
2503902,6031
2504009,411807
2504033,6620
2504074,4185
2504108,2687
2504157,7499
2504207,4935
2504306,30684
2504355,4875
2504405,19007
2504504,6658
2504603,25010
2504702,4787
2504801,15441
2504850,1935
2504900,17461
2505006,7832
2505105,20334
2505204,6775
2505238,6356
2505279,5218
2505303,2512
2505352,5370
2505402,8315
2505501,3824
2505600,6528
2505709,10413
2505808,3582
2505907,3539
2506004,33199
2506103,11215
2506202,2989
2506251,8303
2506301,59115
2506400,14127
2506509,3453
2506608,5903
2506707,11848
2506806,18144
2506905,24419
2507002,24828
2507101,18823
2507200,11016
2507309,14450
2507408,7745
2507507,817511
2507606,7976
2507705,18298
2507804,7195
2507903,10793
2508000,9849
2508109,4653
2508208,7737
2508307,27617
2508406,2718
2508505,7265
2508554,4369
2508604,13214
2508703,3999
2508802,5752
2508901,45136
2509008,10972
2509057,8653
2509107,21866
2509156,6654
2509206,13998
2509305,8539
2509339,4515
2509370,2926
2509396,6630
2509404,13261
2509503,5738
2509602,4842
2509701,33433
2509800,9932
2509909,10451
2510006,7286
2510105,10626
2510204,5920
2510303,4959
2510402,6462
2510501,3961
2510600,3046
2510659,1758
2510709,2436
2510808,108192
2510907,12379
2511004,3802
2511103,7899
2511202,28533
2511301,16111
2511400,18720
2511509,11977
2511608,6576
2511707,4955
2511806,10584
2511905,19275
2512002,18708
2512036,3882
2512077,4337
2512101,32802
2512200,4238
2512309,23549
2512408,13741
2512507,44179
2512606,1983
2512705,19798
2512721,6114
2512747,3619
2512754,4541
2512762,4540
2512788,1974
2512804,8541
2512903,24218
2513000,3931
2513109,12131
2513158,6541
2513208,6581
2513307,5871
2513356,3593
2513406,15426
2513505,5129
2513604,6986
2513653,2639
2513703,137349
2513802,4562
2513851,2509
2513901,34344
2513927,4566
2513943,2630
2513968,3097
2513984,3384
2514008,4184
2514107,4415
2514206,7626
2514305,6376
2514404,4656
2514453,5998
2514503,20329
2514552,3950
2514602,3588
2514651,1811
2514701,4147
2514800,3618
2514909,7702
2515005,7410
2515104,11728
2515203,3512
2515302,52804
2515401,10848
2515500,13754
2515609,3131
2515708,2916
2515807,7021
2515906,6068
2515930,5089
2515971,7815
2516003,26227
2516102,15102
2516151,3594
2516201,69723
2516300,17031
2516409,10969
2516508,15441
2516607,14759
2516706,15248
2516755,3081
2516805,9464
2516904,15300
2517001,9911
2517100,2841
2517209,5372
2517407,2255
2600054,100346
2600104,37404
2600203,19810
2600302,25065
2600401,37082
2600500,43686
2600609,14718
2600708,38397
2600807,22984
2600906,22870
2601003,11226
2601052,20733
2601102,84864
2601201,74822
2601300,14510
2601409,42764
2601508,12122
2601607,20730
2601706,76687
2601805,12765
2601904,60880
2602001,38378
2602100,48767
2602209,39983
2602308,38117
2602407,8987
2602506,7488
2602605,51225
2602704,13190
2602803,58919
2602902,208944
2603009,34503
2603108,20501
2603207,28904
2603306,11018
2603405,5747
2603454,158899
2603504,18900
2603603,8572
2603702,24773
2603801,20048
2603900,19609
2603926,13025
2604007,84395
2604106,365278
2604155,14368
2604205,43340
2604304,11891
2604403,13556
2604502,21815
2604601,26590
2604700,18268
2604809,12560
2604908,10192
2605004,24173
2605103,37375
2605152,19079
2605202,69292
2605301,31766
2605400,22247
2605459,3101
2605509,12170
2605608,22618
2605707,33184
2605806,15546
2605905,31318
2606002,140577
2606101,30751
2606200,80055
2606309,7537
2606408,84699
2606507,19241
2606606,29412
2606705,7768
2606804,118370
2606903,12247
2607000,23645
2607109,4543
2607208,97669
2607307,31187
2607406,4966
2607505,26308
2607604,26672
2607653,36471
2607703,13553
2607752,26900
2607802,17006
2607901,706867
2607950,11644
2608008,17228
2608057,14850
2608107,33328
2608206,16011
2608255,11485
2608305,14922
2608404,15431
2608453,18252
2608503,21460
2608602,13224
2608701,16318
2608750,25849
2608800,40589
2608909,56198
2609006,25472
2609105,16321
2609154,21776
2609204,11220
2609303,15470
2609402,63294
2609501,32573
2609600,393115
2609709,23935
2609808,15152
2609907,69969
2610004,63500
2610103,7600
2610202,26456
2610301,11566
2610400,22106
2610509,28894
2610608,56933
2610707,334376
2610806,22668
2610905,67735
2611002,36901
2611101,354317
2611200,11305
2611309,27148
2611408,15101
2611507,26175
2611533,6805
2611606,1653461
2611705,20646
2611804,47616
2611903,23628
2612000,9764
2612109,11068
2612208,61249
2612307,15862
2612406,26890
2612455,15558
2612471,12650
2612505,109897
2612554,14562
2612604,42100
2612703,14223
2612802,11865
2612901,16069
2613008,60042
2613107,37368
2613206,22899
2613305,21398
2613404,21586
2613503,34021
2613602,34056
2613701,114079
2613800,18085
2613909,86915
2614006,19196
2614105,36050
2614204,46361
2614303,11270
2614402,6021
2614501,65647
2614600,28704
2614709,12859
2614808,26106
2614857,23623
2615003,29127
2615102,7198
2615201,10206
2615300,52802
2615409,46164
2615508,13813
2615607,30816
2615706,15243
2615805,27551
2615904,8256
2616001,18661
2616100,9553
2616183,7571
2616209,20954
2616308,32772
2616407,139583
2616506,14757
2700102,20230
2700201,17526
2700300,233047
2700409,47365
2700508,16068
2700607,8378
2700706,18338
2700805,4284
2700904,6710
2701001,27356
2701100,10460
2701209,10889
2701308,21331
2701357,6954
2701407,57537
2701506,9567
2701605,17719
2701704,16979
2701803,9159
2701902,7311
2702009,10643
2702108,21818
2702207,5864
2702306,57294
2702355,24309
2702405,52262
2702504,11067
2702553,18255
2702603,22178
2702702,4779
2702801,12807
2702900,41237
2703007,15627
2703106,25613
2703205,24586
2703304,18392
2703403,5219
2703502,7006
2703601,8403
2703700,5761
2703759,11536
2703809,24081
2703908,4137
2704005,24722
2704104,17771
2704203,28771
2704302,1025360
2704401,19864
2704500,33032
2704609,9004
2704708,52380
2704807,13193
2704906,3494
2705002,25207
2705101,24634
2705200,18031
2705309,5322
2705408,7165
2705507,28333
2705606,12764
2705705,21738
2705804,9441
2705903,5128
2706000,11657
2706109,11535
2706208,5037
2706307,73337
2706406,24351
2706422,10539
2706448,13332
2706505,15258
2706604,7560
2706703,63846
2706802,17848
2706901,35212
2707008,2905
2707107,25183
2707206,14418
2707305,27249
2707404,7701
2707503,20112
2707602,11248
2707701,75394
2707800,6649
2707909,7320
2708006,47819
2708105,10687
2708204,6969
2708303,23996
2708402,32405
2708501,34692
2708600,61797
2708709,8013
2708808,34290
2708907,13936
2708956,13921
2709004,6138
2709103,20072
2709152,44372
2709202,27826
2709301,65790
2709400,25693
2800100,2380
2800209,21681
2800308,664908
2800407,9947
2800506,18686
2800605,30930
2800670,26899
2800704,8353
2801009,18218
2801108,4006
2801207,30402
2801306,34514
2801405,22239
2801504,16937
2801603,5913
2801702,18029
2801900,3998
2802007,5215
2802106,69556
2802205,5601
2802304,15556
2802403,11601
2802502,3384
2802601,5824
2802700,8521
2802809,18149
2802908,96142
2803005,42166
2803104,4886
2803203,34709
2803302,18907
2803401,13429
2803500,105221
2803609,30080
2803708,6961
2803807,3699
2803906,12653
2804003,17271
2804102,11348
2804201,15175
2804300,7639
2804409,18703
2804458,8809
2804508,37324
2804607,26795
2804706,6496
2804805,185706
2804904,14540
2805000,3285
2805109,9665
2805208,6627
2805307,9359
2805406,35122
2805505,23867
2805604,28693
2805703,29692
2805802,19809
2805901,10284
2806008,18773
2806107,11008
2806206,20025
2806305,14121
2806404,7844
2806503,3923
2806602,12151
2806701,91093
2806800,11207
2806909,3781
2807006,3947
2807105,40606
2807204,8970
2807303,3249
2807402,52530
2807501,13535
2807600,25550
2900108,8710
2900207,20347
2900306,15187
2900355,17126
2900405,17033
2900504,10560
2900603,4416
2900702,152327
2900801,22490
2900900,5366
2901007,37441
2901106,25048
2901155,16090
2901205,21607
2901304,13132
2901353,14503
2901403,13938
2901502,11297
2901601,19479
2901700,11677
2901809,11878
2901908,17788
2901957,7302
2902005,13045
2902054,12208
2902104,54648
2902203,11461
2902252,10961
2902302,8837
2902401,11299
2902500,13929
2902609,20449
2902658,13240
2902708,53910
2902807,20392
2902906,31209
2903003,13833
2903102,5612
2903201,156975
2903235,15054
2903276,16105
2903300,5448
2903409,23437
2903508,17109
2903607,15984
2903706,12329
2903805,18531
2903904,69662
2903953,9823
2904001,14446
2904050,16884
2904100,21497
2904209,10129
2904308,14222
2904407,10618
2904506,10130
2904605,67335
2904704,18306
2904753,21276
2904803,6488
2904852,18911
2904902,33567
2905008,23291
2905107,9058
2905156,14608
2905206,51081
2905305,18513
2905404,18427
2905503,13391
2905602,32006
2905701,304302
2905800,35382
2905909,28820
2906006,71487
2906105,9703
2906204,26325
2906303,30906
2906402,8181
2906501,87458
2906600,14368
2906709,25053
2906808,34882
2906824,16753
2906857,11616
2906873,30862
2906899,8801
2906907,22093
2907004,9346
2907103,29070
2907202,72545
2907301,26318
2907400,3599
2907509,54970
2907558,9316
2907608,17280
2907707,11200
2907806,32576
2907905,17352
2908002,16549
2908101,18807
2908200,22762
2908309,17165
2908408,67013
2908507,33398
2908606,26035
2908705,17178
2908804,4045
2908903,22495
2909000,8642
2909109,14149
2909208,15717
2909307,32191
2909406,13769
2909505,5351
2909604,21163
2909703,13947
2909802,63591
2909901,34886
2910008,10525
2910057,82432
2910107,12240
2910206,4065
2910305,8126
2910404,16446
2910503,41901
2910602,37578
2910701,60858
2910727,114396
2910750,17845
2910776,5661
2910800,619609
2910859,16345
2910909,5629
2911006,10575
2911105,25857
2911204,32596
2911253,4440
2911303,11259
2911402,15234
2911501,6985
2911600,20762
2911659,6646
2911709,84928
2911808,20700
2911857,12987
2911907,24121
2912004,9031
2912103,21378
2912202,19786
2912301,16230
2912400,18319
2912509,14947
2912608,4046
2912707,23404
2912806,8690
2912905,14882
2913002,16403
2913101,17080
2913200,27003
2913309,6220
2913408,15650
2913457,13091
2913507,26963
2913606,159923
2913705,40333
2913804,14354
2913903,45922
2914000,59435
2914109,9911
2914208,7279
2914307,8197
2914406,25478
2914505,29173
2914604,73524
2914653,30747
2914703,64646
2914802,213685
2914901,28684
2915007,16110
2915106,12242
2915205,14452
2915304,6825
2915353,14542
2915403,6596
2915502,20398
2915601,64455
2915700,8003
2915809,22754
2915908,6436
2916005,19316
2916104,22337
2916203,8526
2916302,10215
2916401,76795
2916500,35883
2916609,10298
2916708,8347
2916807,19843
2916856,14539
2916906,12528
2917003,36116
2917102,20388
2917201,19030
2917300,28740
2917334,11016
2917359,8277
2917409,14850
2917508,80635
2917607,54673
2917706,33746
2917805,18981
2917904,10726
2918001,156126
2918100,40651
2918209,14557
2918308,10808
2918357,25402
2918407,218162
2918456,8988
2918506,15262
2918555,5768
2918605,5976
2918704,3693
2918753,15770
2918803,24032
2918902,3975
2919009,3758
2919058,8577
2919108,8191
2919157,27274
2919207,201635
2919306,11499
2919405,12373
2919504,46062
2919553,90162
2919603,11332
2919702,18909
2919801,50161
2919900,7787
2919926,21432
2919959,2764
2920007,10206
2920106,18602
2920205,16861
2920304,8359
2920403,13087
2920452,13734
2920502,20393
2920601,44793
2920700,20617
2920809,10380
2920908,13717
2921005,47126
2921054,12283
2921104,22716
2921203,25894
2921302,10893
2921401,18474
2921450,8447
2921500,49278
2921609,8497
2921708,35440
2921807,12052
2921906,8889
2922003,42251
2922052,10673
2922102,26970
2922201,7443
2922250,11417
2922300,29410
2922409,22282
2922508,28594
2922607,14079
2922656,13164
2922706,16472
2922730,7821
2922755,6554
2922805,8279
2922854,9123
2922904,26998
2923001,43783
2923035,12522
2923050,15443
2923100,28304
2923209,21810
2923308,8570
2923357,17511
2923407,21796
2923506,9071
2923605,21695
2923704,32141
2923803,29058
2923902,9686
2924009,118516
2924058,13556
2924108,7394
2924207,16682
2924306,16984
2924405,35175
2924504,16285
2924603,20098
2924652,10394
2924678,10036
2924702,10475
2924801,24964
2924900,9370
2925006,26426
2925105,46879
2925204,39972
2925253,14819
2925303,150658
2925402,6916
2925501,28194
2925600,15160
2925709,12179
2925758,28004
2925808,25433
2925907,27626
2925931,8956
2925956,22633
2926004,41170
2926103,14495
2926202,22334
2926301,33468
2926400,35593
2926509,14612
2926608,53956
2926657,5343
2926707,12932
2926806,15448
2926905,11663
2927002,40976
2927101,9442
2927200,30857
2927309,15862
2927408,2886698
2927507,20883
2927606,14063
2927705,27922
2927804,6278
2927903,10606
2928000,37531
2928059,12449
2928109,39775
2928208,26705
2928307,8966
2928406,28481
2928505,10464
2928604,60131
2928703,102380
2928802,53269
2928901,34266
2928950,9072
2929008,14762
2929057,15468
2929107,21080
2929206,40245
2929255,18789
2929305,37942
2929354,5608
2929370,10505
2929404,11704
2929503,44430
2929602,17409
2929701,17302
2929750,12105
2929800,12943
2929909,44234
2930006,11512
2930105,79424
2930154,31416
2930204,40989
2930303,17321
2930402,14699
2930501,81286
2930600,13446
2930709,135783
2930758,13059
2930766,9701
2930774,23233
2930808,17050
2930907,12516
2931004,20393
2931053,17443
2931103,7928
2931202,21253
2931301,16974
2931350,162438
2931400,7359
2931509,22555
2931608,15022
2931707,13025
2931806,16189
2931905,50798
2932002,24113
2932101,19877
2932200,18847
2932309,27263
2932408,13891
2932457,19402
2932507,18544
2932606,16665
2932705,20413
2932804,19256
2932903,97233
2933000,28800
2933059,14121
2933109,9210
2933158,12625
2933174,8785
2933208,43716
2933257,6153
2933307,341128
2933406,9344
2933455,12180
2933505,20978
2933604,46523
3100104,7006
3100203,23250
3100302,13444
3100401,3994
3100500,9368
3100609,13523
3100708,1992
3100807,4522
3100906,19247
3101003,13599
3101102,25141
3101201,5976
3101300,2665
3101409,3011
3101508,35401
3101607,80494
3101631,6981
3101706,42143
3101805,7436
3101904,19958
3102001,14517
3102050,5894
3102100,10859
3102209,3844
3102308,15169
3102407,3605
3102506,4678
3102605,41396
3102704,9442
3102803,12206
3102852,8557
3102902,11459
3103009,9275
3103108,1587
3103207,2354
3103306,2059
3103405,36712
3103504,117825
3103603,2787
3103702,8453
3103751,6931
3103801,2835
3103900,9401
3104007,107337
3104106,10883
3104205,40380
3104304,15181
3104403,2704
3104452,5269
3104502,17862
3104601,14270
3104700,12678
3104809,4851
3104908,19199
3105004,7803
3105103,23898
3105202,4766
3105301,5778
3105400,32866
3105509,5354
3105608,138204
3105707,5015
3105905,20897
3106002,10262
3106101,3425
3106200,2521564
3106309,26994
3106408,7719
3106507,11872
3106606,4607
3106655,4764
3106705,444784
3106804,3329
3106903,14554
3107000,2498
3107109,40219
3107208,5089
3107307,50256
3107406,51028
3107505,6459
3107604,4244
3107703,6133
3107802,14862
3107901,10537
3108008,17607
3108107,6860
3108206,5444
3108255,11369
3108305,19614
3108404,14949
3108503,6288
3108552,16748
3108602,32405
3108701,4293
3108800,4769
3108909,14410
3109006,40666
3109105,10991
3109204,10353
3109253,3983
3109303,25013
3109402,28121
3109451,6988
3109501,14075
3109600,3591
3109709,11579
3109808,2706
3109907,11749
3110004,45047
3110103,5541
3110202,3974
3110301,14541
3110400,2869
3110509,21801
3110608,29814
3110707,12812
3110806,3730
3110905,16762
3111002,21054
3111101,19752
3111150,3824
3111200,54186
3111309,11651
3111408,8269
3111507,15563
3111606,28842
3111705,4548
3111804,12201
3111903,5594
3112000,14888
3112059,4551
3112109,5451
3112208,4634
3112307,38057
3112406,6890
3112505,9826
3112604,16234
3112653,5514
3112703,15313
3112802,8663
3112901,9308
3113008,23780
3113107,3166
3113206,25669
3113305,33011
3113404,92603
3113503,9414
3113602,6792
3113701,18674
3113800,2646
3113909,12182
3114006,11511
3114105,14947
3114204,22693
3114303,30334
3114402,21268
3114501,19559
3114550,10066
3114600,4049
3114709,3597
3114808,4461
3114907,2254
3115003,3092
3115102,17740
3115201,3946
3115300,75540
3115359,5421
3115409,3653
3115458,6257
3115474,4965
3115508,21610
3115607,1157
3115706,7046
3115805,10346
3115904,3186
3116001,5699
3116100,15345
3116159,13953
3116209,2671
3116308,6799
3116407,4853
3116506,7514
3116605,28859
3116704,7594
3116803,8841
3116902,3120
3117009,6774
3117108,10322
3117207,2813
3117306,28346
3117405,4578
3117504,17503
3117603,5533
3117702,13684
3117801,11748
3117836,7686
3117876,6800
3117900,12082
3118007,55309
3118106,5046
3118205,6969
3118304,129606
3118403,22949
3118502,1784
3118601,668949
3118700,9128
3118809,26611
3118908,8897
3119005,3542
3119104,23668
3119203,9943
3119302,27966
3119401,110290
3119500,9215
3119609,3090
3119708,3441
3119807,3191
3119906,3694
3119955,6382
3120003,2728
3120102,4423
3120151,6760
3120201,12931
3120300,5982
3120409,5156
3120508,10226
3120607,5054
3120706,3639
3120805,15474
3120839,5005
3120870,7799
3120904,80616
3121001,5421
3121100,8016
3121209,7131
3121258,10768
3121308,5029
3121407,7255
3121506,2884
3121605,47825
3121704,3790
3121803,7609
3121902,3424
3122009,19976
3122108,4974
3122207,7614
3122306,240408
3122355,6868
3122405,6025
3122454,11211
3122470,3655
3122504,5048
3122603,4451
3122702,5232
3122801,2997
3122900,6619
3123007,10223
3123106,5154
3123205,13427
3123304,4230
3123403,1533
3123502,1912
3123528,7870
3123601,28320
3123700,11202
3123809,7241
3123858,5377
3123908,15380
3124005,18958
3124104,71551
3124203,25122
3124302,31610
3124401,4710
3124500,11386
3124609,2325
3124708,3491
3124807,8018
3124906,11330
3125002,3923
3125101,36951
3125200,2376
3125309,3221
3125408,4704
3125507,3173
3125606,7504
3125705,15433
3125804,3466
3125903,9696
3125952,11054
3126000,7533
3126109,67822
3126208,9688
3126307,4437
3126406,2967
3126505,10321
3126604,5242
3126703,26369
3126752,5338
3126802,5869
3126901,9664
3126950,3487
3127008,18492
3127057,4561
3127073,5299
3127107,60012
3127206,4392
3127305,6790
3127339,5096
3127354,3164
3127370,3378
3127388,3990
3127404,4355
3127503,6171
3127602,11818
3127701,281046
3127800,15890
3127909,1387
3128006,34573
3128105,14258
3128204,10315
3128253,4989
3128303,19017
3128402,8918
3128501,3775
3128600,6569
3128709,52078
3128808,7051
3128907,8105
3129004,8343
3129103,5577
3129202,6591
3129301,11045
3129400,5010
3129509,25358
3129608,8437
3129657,5369
3129707,13986
3129806,182153
3129905,3492
3130002,2996
3130051,12097
3130101,43817
3130200,11005
3130309,7923
3130408,6610
3130507,12444
3130556,6940
3130606,7358
3130655,7339
3130705,6951
3130804,2776
3130903,24079
3131000,6312
3131109,7560
3131158,18769
3131208,20000
3131307,265409
3131406,4225
3131505,10118
3131604,7027
3131703,120904
3131802,11576
3131901,52446
3132008,5417
3132107,18164
3132206,13435
3132305,12836
3132404,97334
3132503,34936
3132602,4375
3132701,23209
3132800,2056
3132909,10157
3133006,15714
3133105,15423
3133204,12244
3133303,21029
3133402,15379
3133501,21761
3133600,9881
3133709,11252
3133758,16199
3133808,93847
3133907,5369
3134004,15022
3134103,6063
3134202,105255
3134301,6000
3134400,39690
3134509,3768
3134608,20418
3134707,12323
3134806,7691
3134905,26264
3135001,3142
3135050,39388
3135076,5429
3135100,72018
3135209,67852
3135308,4384
3135357,7982
3135407,4852
3135456,7738
3135506,12315
3135605,7468
3135704,5207
3135803,25474
3135902,4780
3136009,15455
3136108,4476
3136207,80416
3136306,47726
3136405,4727
3136504,10842
3136520,4487
3136553,5050
3136579,4889
3136603,5732
3136652,27392
3136702,573285
3136801,4345
3136900,10681
3136959,5715
3137007,18193
3137106,7600
3137205,52711
3137304,4082
3137403,13063
3137502,18111
3137536,9608
3137601,65657
3137700,19918
3137809,20907
3137908,3379
3138005,6833
3138104,6503
3138203,104783
3138302,3226
3138351,4920
3138401,52640
3138500,5031
3138609,16724
3138625,7589
3138658,9714
3138674,6258
3138682,6718
3138708,5438
3138807,18257
3138906,7111
3139003,42413
3139102,5109
3139201,18602
3139250,6554
3139300,18226
3139409,91169
3139508,22802
3139607,27647
3139706,8046
3139805,12901
3139904,14056
3140001,61288
3140100,4097
3140159,15619
3140209,2987
3140308,4034
3140407,2728
3140506,13443
3140530,8531
3140555,8644
3140605,4436
3140704,31364
3140803,14548
3140852,11260
3140902,19005
3141009,12412
3141108,38151
3141207,3741
3141306,3832
3141405,20759
3141504,6446
3141603,10758
3141702,5546
3141801,31497
3141900,3893
3142007,13620
3142106,10787
3142205,15111
3142254,4914
3142304,4934
3142403,7554
3142502,2202
3142601,8727
3142700,14747
3142809,21236
3142908,20696
3143005,13152
3143104,47931
3143153,4923
3143203,21513
3143302,413487
3143401,24029
3143450,8315
3143500,8910
3143609,2437
3143708,3153
3143807,5994
3143906,109392
3144003,26961
3144102,20545
3144201,3220
3144300,40665
3144359,7051
3144375,3308
3144409,4728
3144508,8660
3144607,26826
3144656,10326
3144672,3128
3144706,17551
3144805,96157
3144904,3573
3145000,15800
3145059,7497
3145109,16832
3145208,105520
3145307,31335
3145356,10778
3145372,5324
3145406,1720
3145455,6171
3145505,2809
3145604,41840
3145703,2130
3145802,3152
3145851,4663
3145877,8079
3145901,39867
3146008,33791
3146107,74558
3146206,5914
3146255,6423
3146305,20252
3146404,4462
3146503,8296
3146552,6094
3146602,1523
3146701,6611
3146750,5349
3146909,15800
3147006,93862
3147105,94808
3147204,21605
3147303,21221
3147402,24700
3147501,1633
3147600,16393
3147709,8057
3147808,2031
3147907,115337
3147956,6002
3148004,153585
3148103,91449
3148202,5715
3148301,9584
3148400,4812
3148509,8419
3148608,17537
3148707,24329
3148756,7128
3148806,3005
3148905,3974
3149002,2532
3149101,11146
3149150,12212
3149200,3643
3149309,64712
3149408,1806
3149507,3330
3149606,4432
3149705,11755
3149804,16321
3149903,21485
3149952,6773
3150000,4256
3150109,2733
3150158,8702
3150208,4140
3150307,4466
3150406,5009
3150505,8688
3150539,4986
3150570,7524
3150604,6398
3150703,6348
3150802,17634
3150901,5488
3151008,8640
3151107,10772
3151206,56640
3151305,10759
3151404,28215
3151503,34918
3151602,12292
3151701,16846
3151800,168641
3151909,8359
3152006,32035
3152105,59875
3152131,4283
3152170,12179
3152204,37864
3152303,11348
3152402,16616
3152501,152549
3152600,5900
3152709,9080
3152808,28017
3152907,8566
3153004,3631
3153103,5341
3153202,3606
3153301,3001
3153400,19627
3153509,8301
3153608,10834
3153707,3584
3153806,1943
3153905,16429
3154002,23711
3154101,10520
3154150,7201
3154200,11540
3154309,17396
3154408,4817
3154457,8134
3154507,9476
3154606,338197
3154705,4047
3154804,10420
3154903,13473
3155009,2620
3155108,5133
3155207,5402
3155306,5879
3155405,8957
3155504,12335
3155603,31045
3155702,14332
3155801,17959
3155900,5485
3156007,12739
3156106,4562
3156205,2320
3156304,8224
3156403,3520
3156452,4622
3156502,5798
3156601,10256
3156700,137125
3156809,15416
3156908,26374
3157005,41699
3157104,7012
3157203,31604
3157252,8181
3157278,3182
3157302,4407
3157336,8664
3157377,4107
3157401,4725
3157500,4381
3157609,3826
3157658,6386
3157708,14255
3157807,220444
3157906,16302
3158003,10857
3158102,5217
3158201,14611
3158300,7073
3158409,3891
3158508,7589
3158607,3981
3158706,2476
3158805,4834
3158904,8667
3158953,35369
3159001,4315
3159100,3765
3159209,8924
3159308,4863
3159357,7268
3159407,3402
3159506,5457
3159605,43753
3159704,3357
3159803,19872
3159902,18613
3160009,3602
3160108,3886
3160207,3799
3160306,11604
3160405,28427
3160454,7297
3160504,1760
3160603,3065
3160702,46421
3160801,5349
3160900,3754
3160959,5658
3161007,17327
3161056,3362
3161106,56477
3161205,6520
3161304,6274
3161403,4800
3161502,12562
3161601,3910
3161650,4059
3161700,8459
3161809,12597
3161908,11019
3162005,25561
3162104,35782
3162203,7498
3162252,4932
3162302,2746
3162401,25098
3162450,13125
3162500,90497
3162559,11674
3162575,5918
3162609,7444
3162658,4448
3162708,23709
3162807,15767
3162906,26447
3162922,32148
3162948,7480
3162955,24135
3163003,4280
3163102,5079
3163201,4210
3163300,3856
3163409,5387
3163508,6431
3163607,2806
3163706,46202
3163805,6944
3163904,4610
3164001,7706
3164100,5202
3164209,12529
3164308,7076
3164407,5552
3164431,3024
3164472,6627
3164506,9963
3164605,6863
3164704,71445
3164803,1492
3164902,2250
3165008,10960
3165107,7000
3165206,7120
3165305,7815
3165404,6989
3165503,6361
3165537,33413
3165552,12378
3165560,2606
3165578,5361
3165602,2003
3165701,7858
3165800,1461
3165909,4105
3166006,5786
3166105,3519
3166204,10467
3166303,7333
3166402,1854
3166501,4292
3166600,776
3166709,8713
3166808,11668
3166907,7668
3166956,4809
3167004,1956
3167103,20940
3167202,241835
3167301,2264
3167400,6248
3167509,2618
3167608,19736
3167707,5514
3167806,6189
3167905,3708
3168002,34397
3168051,3101
3168101,4832
3168200,1872
3168309,4099
3168408,14302
3168507,11670
3168606,140937
3168705,90568
3168804,8072
3168903,6424
3169000,16715
3169059,4109
3169109,6297
3169208,7850
3169307,80032
3169356,32716
3169406,56940
3169505,6765
3169604,25398
3169703,20125
3169802,5070
3169901,116797
3170008,12599
3170057,12493
3170107,337092
3170206,699097
3170305,2596
3170404,84930
3170438,4284
3170479,3260
3170503,10345
3170529,17173
3170578,6470
3170602,2148
3170651,5026
3170701,136602
3170750,7138
3170800,39803
3170909,19305
3171006,20642
3171030,9443
3171071,5727
3171105,4045
3171154,4846
3171204,129765
3171303,79388
3171402,3589
3171501,3179
3171600,13740
3171709,8663
3171808,10484
3171907,5340
3172004,42965
3172103,5261
3172202,2548
3200102,30455
3200136,9631
3200169,10909
3200201,29975
3200300,14636
3200359,7874
3200409,29779
3200508,7554
3200607,103101
3200706,12105
3200805,31132
3200904,44979
3201001,15092
3201100,9962
3201159,12427
3201209,210589
3201308,383917
3201407,37747
3201506,123400
3201605,31273
3201704,12806
3201803,4270
3201902,33986
3202009,6771
3202108,22835
3202207,21948
3202256,12880
3202306,31122
3202405,126701
3202454,26426
3202504,12591
3202553,8859
3202603,13973
3202652,13526
3202702,14023
3202801,34656
3202900,10494
3203007,29290
3203056,31039
3203106,12265
3203130,16722
3203163,10933
3203205,176688
3203304,15503
3203320,38883
3203346,16920
3203353,12963
3203403,26115
3203502,18894
3203601,5496
3203700,17319
3203809,15526
3203908,50434
3204005,23306
3204054,26381
3204104,27327
3204203,22053
3204252,7940
3204302,11658
3204351,19271
3204401,11626
3204500,12197
3204559,41015
3204609,23724
3204658,8687
3204708,38522
3204807,10546
3204906,132642
3204955,12510
3205002,527240
3205010,30680
3205036,21591
3205069,25745
3205101,79500
3205150,9244
3205176,14073
3205200,501325
3205309,365855
3300100,207044
3300159,11901
3300209,134293
3300225,12669
3300233,34477
3300258,30593
3300308,100764
3300407,184833
3300456,513118
3300506,27616
3300605,37203
3300704,230378
3300803,59303
3300902,15514
3300936,16586
3300951,8576
3301009,511168
3301108,20168
3301157,12821
3301207,19030
3301306,45041
3301405,23398
3301504,22041
3301603,11528
3301702,924624
3301801,14071
3301850,61388
3301876,28837
3301900,242543
3302007,134819
3302056,15299
3302106,23222
3302205,103800
3302254,32064
3302270,105548
3302304,7326
3302403,261501
3302452,5623
3302502,246433
3302601,45220
3302700,164504
3302809,18648
3302858,176569
3302908,25581
3303005,27154
3303104,15311
3303203,162693
3303302,515317
3303401,191158
3303500,823302
3303609,52683
3303708,44518
3303807,43680
3303856,27858
3303906,306678
3303955,25364
3304003,29545
3304102,18960
3304110,19974
3304128,14435
3304144,151335
3304151,25126
3304201,132312
3304300,60573
3304409,18605
3304508,9344
3304524,155193
3304557,6747815
3304607,10392
3304706,42594
3304755,42210
3304805,38710
3304904,1091737
3305000,36423
3305109,472906
3305133,7206
3305158,21916
3305208,106049
3305307,9387
3305406,18249
3305505,90583
3305554,83092
3305604,21774
3305703,15667
3305752,34610
3305802,184240
3305901,10640
3306008,82142
3306107,76869
3306156,11106
3306206,37083
3306305,273988
3500105,35111
3500204,3554
3500303,36648
3500402,8221
3500501,18808
3500550,6109
3500600,3521
3500709,37401
3500758,6129
3500808,4184
3500907,4186
3501004,16203
3501103,4088
3501152,18767
3501202,3647
3501301,24998
3501400,5274
3501509,3237
3501608,242018
3501707,41032
3501806,5981
3501905,72677
3502002,5056
3502101,57202
3502200,25479
3502309,6819
3502408,4144
3502507,36185
3502606,4158
3502705,24226
3502754,22860
3502804,198129
3502903,34776
3503000,5655
3503109,6365
3503158,2460
3503208,238339
3503307,135506
3503356,1773
3503406,8613
3503505,3896
3503604,11158
3503703,9761
3503802,55340
3503901,91157
3503950,1818
3504008,105087
3504107,144088
3504206,15253
3504305,5436
3504404,13859
3504503,91232
3504602,17761
3504701,5934
3504800,9139
3504909,10993
3505005,3498
3505104,7468
3505203,35558
3505302,36126
3505351,5760
3505401,7632
3505500,122833
3505609,33180
3505708,276982
3505807,20953
3505906,62980
3506003,379297
3506102,77555
3506201,3005
3506300,11158
3506359,64723
3506409,8117
3506508,124883
3506607,32936
3506706,15018
3506805,12452
3506904,11921
3507001,62170
3507100,25985
3507159,3984
3507209,838
3507308,4868
3507407,16164
3507456,2683
3507506,148130
3507605,170533
3507704,5741
3507753,2889
3507803,25277
3507902,24636
3508009,19965
3508108,17281
3508207,4514
3508306,4243
3508405,50429
3508504,95018
3508603,33581
3508702,19009
3508801,17843
3508900,4193
3509007,102775
3509106,5946
3509205,77934
3509254,28494
3509304,10596
3509403,26393
3509452,6057
3509502,1213792
3509601,85541
3509700,52405
3509809,4997
3509908,12541
3509957,5204
3510005,31346
3510104,2799
3510153,5292
3510203,47118
3510302,20985
3510401,56379
3510500,123389
3510609,403183
3510708,12349
3510807,30520
3510906,2505
3511003,21267
3511102,122497
3511201,7855
3511300,9346
3511409,20191
3511508,49802
3511607,18375
3511706,17367
3511904,8757
3512001,18535
3512100,6216
3512209,28273
3512308,18019
3512407,24826
3512506,6129
3512605,4635
3512704,4064
3512803,73474
3512902,7298
3513009,253608
3513108,35579
3513207,8718
3513306,2046
3513405,82571
3513504,131626
3513603,21459
3513702,33910
3513801,426757
3513850,1799
3513900,11086
3514007,9010
3514106,27512
3514205,2112
3514304,8878
3514403,47043
3514502,12433
3514601,10023
3514700,6064
3514809,15544
3514908,17936
3514924,3697
3514957,2449
3515004,276535
3515103,69901
3515129,3227
3515152,21249
3515186,44471
3515194,4878
3515202,8419
3515301,2770
3515350,9325
3515400,16070
3515509,69402
3515608,5794
3515657,1727
3515707,196500
3515806,1430
3515905,2900
3516002,14790
3516101,2653
3516200,355901
3516309,177633
3516408,156492
3516507,2776
3516606,6482
3516705,44409
3516804,4860
3516853,4815
3516903,10862
3517000,11447
3517109,4829
3517208,12294
3517307,5785
3517406,41040
3517505,21775
3517604,17025
3517703,21308
3517802,8290
3517901,11287
3518008,1998
3518107,6675
3518206,33100
3518305,30136
3518404,122505
3518503,18887
3518602,40487
3518701,322750
3518800,1392121
3518859,7709
3518909,5307
3519006,9588
3519055,15272
3519071,234259
3519105,11858
3519204,6295
3519253,9517
3519303,35472
3519402,12518
3519501,7841
3519600,60600
3519709,79479
3519808,8304
3519907,8194
3520004,24749
3520103,30614
3520202,9583
3520301,30989
3520400,35591
3520426,11362
3520442,26788
3520509,256223
3520608,4879
3520707,3886
3520806,4019
3520905,15069
3521002,37964
3521101,7687
3521150,5476
3521200,4199
3521309,16604
3521408,24614
3521507,8048
3521606,8325
3521705,17480
3521804,27382
3521903,15297
3522000,3887
3522109,103102
3522158,3330
3522208,177662
3522307,165526
3522406,94804
3522505,240961
3522604,75234
3522653,4268
3522703,43331
3522802,15173
3522901,14147
3523008,4951
3523107,375011
3523206,50642
3523305,17598
3523404,122581
3523503,20921
3523602,18387
3523701,6543
3523800,7852
3523909,175568
3524006,62813
3524105,42045
3524204,6946
3524303,77652
3524402,235416
3524501,7196
3524600,17889
3524709,58722
3524808,49201
3524907,6717
3525003,126356
3525102,44970
3525201,30617
3525300,151881
3525409,3151
3525508,13338
3525607,4551
3525706,37366
3525805,4800
3525854,3418
3525904,423006
3526001,20831
3526100,18718
3526209,31646
3526308,4889
3526407,28785
3526506,12285
3526605,7311
3526704,104346
3526803,68990
3526902,308482
3527009,8092
3527108,78503
3527207,89125
3527256,2300
3527306,49993
3527405,21886
3527504,2403
3527603,15292
3527702,5855
3527801,4596
3527900,2636
3528007,17214
3528106,8147
3528205,3692
3528304,3102
3528403,47441
3528502,101937
3528601,9910
3528700,5948
3528809,14036
3528858,3064
3528908,4091
3529005,240590
3529104,2106
3529203,26628
3529302,83626
3529401,477552
3529500,5565
3529609,3824
3529658,1905
3529708,22355
3529807,12966
3529906,19643
3530003,3106
3530102,29706
3530201,18338
3530300,60303
3530409,4919
3530508,68980
3530607,450785
3530706,153033
3530805,93650
3530904,3508
3531001,2267
3531100,57648
3531209,8111
3531308,50772
3531407,25373
3531506,18968
3531605,4166
3531704,4696
3531803,60754
3531902,33288
3532009,13781
3532058,4795
3532108,4506
3532157,3179
3532207,4904
3532306,6642
3532405,18698
3532504,8923
3532603,11527
3532702,5298
3532801,7068
3532827,9860
3532843,1852
3532868,1278
3532900,11355
3533007,21689
3533106,2325
3533205,4053
3533254,5945
3533304,4160
3533403,60956
3533502,41414
3533601,7478
3533700,4291
3533809,2471
3533908,55130
3534005,4422
3534104,6542
3534203,7194
3534302,44360
3534401,699944
3534500,2603
3534609,33000
3534708,114352
3534757,10539
3534807,8620
3534906,14263
3535002,13123
3535101,13486
3535200,9227
3535309,22272
3535408,15862
3535507,45945
3535606,18263
3535705,6496
3535804,20395
3535903,4095
3536000,10949
3536109,6508
3536208,19723
3536257,2169
3536307,14807
3536406,7454
3536505,112003
3536570,1834
3536604,8959
3536703,47111
3536802,6110
3536901,2481
3537008,16811
3537107,48463
3537156,3101
3537206,11421
3537305,63757
3537404,25677
3537503,8773
3537602,69001
3537701,6038
3537800,55542
3537909,29402
3538006,170132
3538105,17216
3538204,15388
3538303,3699
3538501,13575
3538600,27462
3538709,407252
3538808,29869
3538907,25719
3539004,11471
3539103,19178
3539202,27754
3539301,76877
3539400,13765
3539509,40080
3539608,5304
3539707,3578
3539806,118349
3539905,6113
3540002,22172
3540101,3400
3540200,50852
3540259,4674
3540309,2577
3540408,4152
3540507,10067
3540606,53402
3540705,56504
3540754,25130
3540804,17516
3540853,4212
3540903,21873
3541000,330845
3541059,5317
3541109,4080
3541208,13023
3541307,44389
3541406,230371
3541505,39583
3541604,40828
3541653,3854
3541703,14210
3541802,3460
3541901,13606
3542008,6688
3542107,9101
3542206,29726
3542305,3839
3542404,20394
3542503,9837
3542602,56393
3542701,7679
3542800,3330
3542909,13299
3543006,16211
3543105,4752
3543204,4539
3543238,2224
3543253,7679
3543303,124159
3543402,711825
3543501,5443
3543600,3640
3543709,10812
3543808,9961
3543907,208008
3544004,35738
3544103,51436
3544202,12689
3544251,16281
3544301,10801
3544400,3162
3544509,3170
3544608,5614
3544707,2430
3544806,6407
3544905,11998
3545001,17252
3545100,5337
3545159,8393
3545209,119736
3545308,45860
3545407,9364
3545506,4354
3545605,15561
3545704,6022
3545803,194390
3546009,14857
3546108,2113
3546207,4544
3546256,2153
3546306,34737
3546405,47943
3546504,5588
3546603,32563
3546702,27381
3546801,57966
3546900,8854
3547007,6236
3547106,2943
3547205,1467
3547304,142301
3547403,2487
3547502,27600
3547601,26753
3547650,1552
3547700,20866
3547809,721368
3547908,6977
3548005,23529
3548054,8481
3548104,5940
3548203,6827
3548302,3135
3548401,4817
3548500,433656
3548609,10893
3548708,844483
3548807,161957
3548906,254484
3549003,2817
3549102,91771
3549201,2561
3549250,1932
3549300,2100
3549409,52319
3549508,8960
3549607,4144
3549706,55124
3549805,464983
3549904,729737
3549953,15978
3550001,10690
3550100,41123
3550209,33002
3550308,12325232
3550407,35980
3550506,7696
3550605,92060
3550704,90328
3550803,12159
3550902,15385
3551009,368355
3551108,10390
3551207,3630
3551306,3554
3551405,14981
3551504,45644
3551603,29452
3551702,127142
3551801,12780
3551900,17661
3552007,6339
3552106,41352
3552205,687357
3552304,7728
3552403,286211
3552502,300559
3552551,4014
3552601,12485
3552700,16644
3552809,293652
3552908,6329
3553005,14141
3553104,6320
3553203,5564
3553302,23232
3553401,26101
3553500,7766
3553609,12950
3553658,2813
3553708,57364
3553807,23256
3553856,5911
3553906,7540
3553955,15183
3554003,122967
3554102,317915
3554201,4491
3554300,23273
3554409,9437
3554508,42517
3554607,2652
3554656,2422
3554706,10056
3554755,1738
3554805,47714
3554904,5832
3554953,6977
3555000,65570
3555109,15583
3555208,2020
3555307,1696
3555356,6400
3555406,91824
3555505,4804
3555604,10151
3555703,1865
3555802,9120
3555901,1153
3556008,13888
3556107,13532
3556206,131210
3556305,26822
3556354,10692
3556404,43110
3556453,53468
3556503,123071
3556602,10823
3556701,80111
3556800,19017
3556909,8989
3556958,1846
3557006,123599
3557105,95338
3557154,2752
3557204,12418
3557303,11407
4100103,7408
4100202,5857
4100301,9470
4100400,120041
4100459,1682
4100509,22176
4100608,14859
4100707,9778
4100806,11503
4100905,6332
4101002,19311
4101051,2788
4101101,19926
4101150,2930
4101200,18949
4101309,7427
4101408,136234
4101507,124810
4101606,28300
4101655,3009
4101705,14000
4101804,146214
4101853,2066
4101903,14954
4102000,33340
4102109,26209
4102208,3881
4102307,13092
4102406,31211
4102505,11426
4102604,10312
4102703,2781
4102752,3457
4102802,15399
4102901,16400
4103008,4047
4103024,2470
4103040,6365
4103057,7540
4103107,13129
4103156,3506
4103206,7068
4103222,3254
4103305,6439
4103354,5382
4103370,2585
4103404,2954
4103453,18456
4103479,4009
4103503,8606
4103602,25466
4103701,107341
4103800,7917
4103909,14043
4103958,3859
4104006,43685
4104055,3763
4104105,8045
4104204,133865
4104253,29740
4104303,95488
4104402,14809
4104428,16053
4104451,13329
4104501,19148
4104600,15834
4104659,23825
4104709,14356
4104808,332333
4104907,71809
4105003,10167
4105102,10764
4105201,17833
4105300,11819
4105409,19167
4105508,83816
4105607,12797
4105706,16450
4105805,246540
4105904,24145
4106001,8857
4106100,3876
4106209,18837
4106308,17117
4106407,47842
4106456,7518
4106506,20580
4106555,3127
4106571,4240
4106605,20947
4106704,4449
4106803,18741
4106852,2921
4106902,1948626
4107009,15196
4107108,5030
4107124,3424
4107157,5266
4107207,41038
4107256,8869
4107306,5983
4107405,5933
4107504,13981
4107520,1665
4107538,4596
4107546,4048
4107553,3041
4107603,17316
4107652,102004
4107702,4748
4107736,5602
4107751,7696
4107801,4906
4107850,4603
4107900,6851
4108007,10453
4108106,2699
4108205,6460
4108304,258248
4108320,5993
4108403,92216
4108452,4556
4108502,13685
4108551,2898
4108601,28808
4108650,7053
4108700,5497
4108809,33310
4108908,6609
4108957,8811
4109005,3784
4109104,2241
4109203,5530
4109302,12217
4109401,182644
4109500,7594
4109609,37527
4109658,5119
4109708,31644
4109757,6370
4109807,55131
4109906,7786
4110003,4440
4110052,2253
4110078,13282
4110102,32940
4110201,11121
4110300,3116
4110409,4465
4110508,15251
4110607,13782
4110656,2251
4110706,61088
4110805,10098
4110904,4446
4110953,11385
4111001,6549
4111100,6109
4111209,12094
4111258,29070
4111308,2781
4111407,13965
4111506,31935
4111555,8240
4111605,3279
4111704,5303
4111803,39322
4111902,13742
4112009,35027
4112108,21230
4112207,5095
4112306,4930
4112405,9500
4112504,11196
4112603,1320
4112702,12638
4112751,8330
4112801,12009
4112900,3269
4112959,7292
4113007,7041
4113106,4047
4113205,48410
4113254,5784
4113304,32139
4113403,3925
4113429,3231
4113452,4592
4113502,23242
4113601,4819
4113700,575377
4113734,7240
4113759,4744
4113809,4945
4113908,13663
4114005,13014
4114104,23100
4114203,34515
4114302,27315
4114351,2506
4114401,16642
4114500,13510
4114609,53495
4114708,5634
4114807,35804
4114906,8814
4115002,7084
4115101,10336
4115200,430157
4115309,6632
4115358,5582
4115408,14387
4115457,4340
4115507,4677
4115606,18107
4115705,35219
4115739,3206
4115754,10800
4115804,46574
4115853,5577
4115903,2196
4116000,1796
4116059,10704
4116109,12042
4116208,16446
4116307,4009
4116406,4008
4116505,1551
4116604,3434
4116703,10299
4116802,5061
4116901,27984
4116950,5030
4117008,8136
4117057,11507
4117107,13200
4117206,5826
4117214,4277
4117222,8266
4117255,10544
4117271,5448
4117297,2840
4117305,21960
4117404,3425
4117453,6016
4117503,41773
4117602,51755
4117701,33994
4117800,12960
4117909,32121
4118006,14023
4118105,11580
4118204,156174
4118303,3241
4118402,88922
4118451,5684
4118501,83843
4118600,5908
4118709,7387
4118808,14007
4118857,6160
4118907,11321
4119004,6288
4119103,12882
4119152,133490
4119202,6324
4119251,2737
4119301,32559
4119400,25617
4119509,114970
4119608,29994
4119657,3262
4119707,4272
4119806,13431
4119905,355336
4119954,27915
4120002,12748
4120101,4874
4120150,3184
4120200,2556
4120309,4061
4120333,3780
4120358,5095
4120408,5351
4120507,11130
4120606,52513
4120655,4465
4120705,7477
4120804,23911
4120853,4029
4120903,34409
4121000,12232
4121109,4508
4121208,19221
4121257,4476
4121307,3784
4121356,2628
4121406,16950
4121505,14946
4121604,6787
4121703,26825
4121752,8069
4121802,10645
4121901,12948
4122008,15336
4122107,3182
4122156,13255
4122172,4109
4122206,32517
4122305,34411
4122404,67383
4122503,9645
4122602,9622
4122651,4689
4122701,6891
4122800,3483
4122909,4898
4123006,14872
4123105,3266
4123204,3293
4123303,7751
4123402,12186
4123501,26767
4123600,1594
4123709,8523
4123808,14794
4123824,3793
4123857,9410
4123907,11622
4123956,4017
4124004,4954
4124020,10096
4124053,23699
4124103,46251
4124202,2626
4124301,2068
4124400,20261
4124509,5416
4124608,6920
4124707,11128
4124806,10181
4124905,5837
4125001,10056
4125100,15241
4125209,9028
4125308,5543
4125357,5586
4125407,6160
4125456,3627
4125506,329058
4125555,2163
4125605,46705
4125704,27576
4125753,5820
4125803,11046
4125902,2289
4126009,8859
4126108,5750
4126207,6722
4126256,97803
4126272,5539
4126306,19385
4126355,4477
4126405,5216
4126504,16413
4126603,21249
4126652,2930
4126678,15040
4126702,5158
4126801,16345
4126900,5495
4127007,12567
4127106,79792
4127205,17200
4127304,16924
4127403,17522
4127502,20607
4127601,17084
4127700,142645
4127809,7807
4127858,12038
4127882,9022
4127908,8533
4127957,8109
4127965,13095
4128005,20909
4128104,112500
4128203,57913
4128302,2614
4128401,11273
4128500,19386
4128534,12088
4128559,8454
4128609,7174
4128625,2685
4128633,5552
4128658,4022
4128708,6859
4128807,5630
4200051,2548
4200101,17960
4200200,11013
4200309,5509
4200408,7152
4200507,6515
4200556,2354
4200606,6559
4200705,10086
4200754,1926
4200804,5557
4200903,4743
4201000,6957
4201109,3228
4201208,8613
4201257,10848
4201273,4267
4201307,39524
4201406,68867
4201505,8759
4201604,3549
4201653,2234
4201703,7978
4201802,3195
4201901,5683
4201950,13430
4202008,145796
4202057,11035
4202073,11260
4202081,2648
4202099,1651
4202107,29860
4202131,6362
4202156,2709
4202206,11775
4202305,69486
4202404,361855
4202438,3488
4202453,20335
4202503,4772
4202537,3057
4202578,2139
4202602,10060
4202701,5322
4202800,33876
4202859,3769
4202875,2368
4202909,137689
4203006,79313
4203105,6130
4203154,3335
4203204,85105
4203253,2496
4203303,11981
4203402,6952
4203501,8418
4203600,36556
4203709,12398
4203808,54480
4203907,23035
4203956,25177
4204004,10984
4204103,3551
4204152,2719
4204178,3068
4204194,3006
4204202,224013
4204251,16821
4204301,75167
4204350,4520
4204400,9940
4204459,2555
4204509,16107
4204558,12553
4204608,217311
4204707,11118
4204756,1967
4204806,39893
4204905,8192
4205001,15545
4205100,4186
4205159,4115
4205175,3218
4205191,2061
4205209,4418
4205308,10649
4205357,1579
4205407,508826
4205431,2495
4205456,27211
4205506,36584
4205555,1970
4205605,2791
4205704,23579
4205803,18484
4205902,70793
4206009,14606
4206108,6595
4206207,11577
4206306,24382
4206405,10026
4206504,45797
4206603,5178
4206652,4698
4206702,22714
4206751,1954
4206801,3178
4206900,19096
4207007,57247
4207106,14359
4207205,9948
4207304,45286
4207403,6241
4207502,70900
4207577,2962
4207601,4406
4207650,9045
4207684,7579
4207700,7620
4207759,3938
4207809,10498
4207858,1909
4207908,11289
4208005,6129
4208104,21780
4208203,223112
4208302,67338
4208401,17007
4208450,21177
4208500,25355
4208609,3918
4208708,10376
4208807,20288
4208906,181173
4208955,1546
4209003,30404
4209102,597658
4209151,5007
4209177,2092
4209201,2247
4209300,157349
4209409,46122
4209458,1418
4209508,7063
4209607,15313
4209706,12115
4209805,3000
4209854,4546
4209904,12315
4210001,13107
4210035,5684
4210050,1766
4210100,56561
4210209,3454
4210308,8156
4210407,7378
4210506,26116
4210555,1750
4210605,17125
4210704,2480
4210803,7001
4210852,2283
4210902,4218
4211009,11889
4211058,9906
4211108,8269
4211207,17947
4211256,2888
4211306,83626
4211405,5092
4211454,4329
4211504,14782
4211603,15342
4211652,2404
4211702,23038
4211751,18975
4211801,7272
4211850,2207
4211876,1474
4211892,2356
4211900,175272
4212007,7372
4212056,2650
4212106,16157
4212205,19422
4212239,3360
4212254,9048
4212270,4109
4212304,7569
4212403,3953
4212502,33284
4212601,2760
4212650,10159
4212700,5905
4212809,23772
4212908,20712
4213005,3596
4213104,3745
4213153,2888
4213203,34010
4213302,4650
4213351,3420
4213401,11634
4213500,21932
4213609,35543
4213708,17712
4213807,7312
4213906,1547
4214003,17726
4214102,2283
4214151,2937
4214201,9829
4214300,2887
4214409,6202
4214508,5902
4214607,7520
4214706,11808
4214805,72006
4214904,4620
4215000,42495
4215059,2483
4215075,4561
4215109,11600
4215208,4684
4215307,7659
4215356,3754
4215406,4756
4215455,12905
4215505,16918
4215554,2200
4215604,2147
4215653,8378
4215679,8773
4215687,2372
4215695,1235
4215703,23579
4215752,2287
4215802,85421
4215901,2814
4216008,11369
4216057,5598
4216107,9434
4216206,53746
4216255,6402
4216305,38583
4216354,3759
4216404,7315
4216503,27139
4216602,250181
4216701,13820
4216800,8173
4216909,24291
4217006,13650
4217105,3171
4217154,1807
4217204,40868
4217253,5935
4217303,9810
4217402,21991
4217501,17576
4217550,3256
4217600,14092
4217709,30733
4217758,2423
4217808,18486
4217907,8662
4217956,1619
4218004,39155
4218103,5343
4218202,44977
4218251,7941
4218301,19366
4218350,3966
4218400,7093
4218509,7991
4218608,7434
4218707,106422
4218756,4525
4218806,12990
4218855,2412
4218905,11273
4218954,2459
4219002,21344
4219101,3571
4219150,2432
4219176,4451
4219200,6329
4219309,53610
4219358,4943
4219408,3998
4219507,51642
4219606,3903
4219705,28983
4219853,3398
4220000,12946
4300034,4942
4300059,3743
4300109,16401
4300208,6987
4300307,5827
4300406,73028
4300455,3374
4300471,1949
4300505,6067
4300554,1613
4300570,3036
4300604,211352
4300638,7085
4300646,7403
4300661,1343
4300703,5961
4300802,13045
4300851,3562
4300877,5771
4300901,6189
4301008,20967
4301057,10279
4301073,2951
4301107,14177
4301206,13413
4301305,18238
4301404,10423
4301503,6602
4301552,3535
4301602,121335
4301636,14363
4301651,6202
4301701,6620
4301750,7519
4301800,5256
4301859,3257
4301875,4227
4301909,13556
4301925,1655
4301958,2551
4302006,11182
4302055,1958
4302105,121803
4302154,2092
4302204,6712
4302220,2468
4302238,2616
4302253,2778
4302303,11309
4302352,14255
4302378,1899
4302402,12390
4302451,7702
4302501,6205
4302584,2111
4302600,3311
4302659,5104
4302709,20952
4302808,33548
4302907,12423
4303004,81869
4303103,131240
4303202,5074
4303301,4823
4303400,4700
4303509,66478
4303558,2742
4303608,6406
4303673,3395
4303707,5398
4303806,5438
4303905,69458
4304002,4376
4304101,3295
4304200,31421
4304309,6151
4304358,9647
4304408,45488
4304507,56211
4304606,348208
4304614,1705
4304622,1641
4304630,54051
4304655,3699
4304663,25409
4304671,4728
4304689,12064
4304697,2763
4304705,62265
4304713,8350
4304804,30241
4304853,1351
4304903,9051
4304952,3216
4305009,8701
4305108,517451
4305116,2877
4305124,6047
4305132,4706
4305157,2296
4305173,12413
4305207,14189
4305306,9239
4305355,41258
4305371,3252
4305405,3719
4305439,6770
4305447,5480
4305454,16583
4305504,4719
4305587,2469
4305603,3130
4305702,6759
4305801,9907
4305835,1495
4305850,2286
4305871,2520
4305900,7268
4305934,1614
4305959,3838
4305975,2743
4306007,13357
4306056,8067
4306072,2844
4306106,59922
4306130,1799
4306205,12402
4306304,4736
4306320,2761
4306353,2378
4306379,3002
4306403,33119
4306429,2008
4306452,3405
4306502,15487
4306551,2527
4306601,38339
4306700,2999
4306734,4462
4306759,1975
4306767,41902
4306809,22880
4306908,25960
4306924,982
4306932,8411
4306957,2758
4306973,2982
4307005,106633
4307054,3170
4307104,6814
4307203,4819
4307302,6802
4307401,3287
4307450,2885
4307500,15591
4307559,5940
4307609,50672
4307708,83279
4307807,34399
4307815,3650
4307831,2352
4307864,2741
4307906,73061
4308003,6663
4308052,2284
4308078,4608
4308102,13640
4308201,31063
4308250,1737
4308300,10241
4308409,6616
4308433,2400
4308458,4285
4308508,31498
4308607,35440
4308656,2886
4308706,5489
4308805,8361
4308854,1626
4308904,16184
4309001,15863
4309050,8204
4309100,36555
4309126,2058
4309159,4352
4309209,283620
4309258,1490
4309308,98239
4309407,25968
4309506,7463
4309555,4917
4309571,3019
4309605,19389
4309654,6836
4309704,4736
4309753,4399
4309803,4699
4309902,7265
4309951,4000
4310009,20413
4310108,37340
4310207,83764
4310306,4066
4310330,23271
4310363,3100
4310405,6109
4310413,2215
4310439,6689
4310462,1880
4310504,7141
4310538,5537
4310553,3460
4310579,2065
4310603,37489
4310652,2397
4310702,3231
4310751,1881
4310801,24690
4310850,3773
4310876,2706
4310900,3546
4311007,26500
4311106,10765
4311122,3662
4311130,3486
4311155,8566
4311205,19224
4311239,2921
4311254,6461
4311270,1607
4311304,27778
4311403,85033
4311429,2566
4311502,7444
4311601,5152
4311627,6125
4311643,1719
4311700,5427
4311718,4562
4311734,2973
4311759,7307
4311775,6681
4311791,2702
4311809,44858
4311908,4319
4311981,3888
4312005,2009
4312054,3995
4312104,4797
4312138,2542
4312153,4573
4312179,1629
4312203,4314
4312252,8103
4312302,4911
4312351,1441
4312377,3232
4312385,2530
4312401,65721
4312427,3113
4312443,2919
4312450,6589
4312476,6513
4312500,12847
4312609,4961
4312617,3173
4312625,1897
4312658,17758
4312674,1674
4312708,11633
4312757,3663
4312807,4826
4312906,10005
4312955,1753
4313003,3337
4313011,2688
4313037,5410
4313060,21875
4313086,2558
4313102,6515
4313201,21536
4313300,27648
4313334,2218
4313359,3717
4313375,29905
4313391,4222
4313409,247032
4313425,3256
4313441,2200
4313466,1712
4313490,4175
4313508,46414
4313607,3778
4313656,11330
4313706,33131
4313805,7056
4313904,44128
4313953,9083
4314001,7727
4314027,7623
4314035,3862
4314050,58858
4314068,5747
4314076,6574
4314100,204722
4314134,2299
4314159,8515
4314175,1954
4314209,7706
4314308,3857
4314407,343132
4314423,5738
4314456,2580
4314464,1918
4314472,4329
4314498,4899
4314506,12195
4314548,3036
4314555,2254
4314605,20704
4314704,10019
4314753,2101
4314779,3901
4314787,1524
4314803,37561
4314902,1488252
4315008,4594
4315057,2352
4315073,1308
4315107,10194
4315131,1612
4315149,2937
4315156,6239
4315172,1938
4315206,3889
4315305,22607
4315313,1856
4315321,2790
4315354,3803
4315404,11669
4315453,2079
4315503,15744
4315552,2660
4315602,211965
4315701,38265
4315750,4676
4315800,11471
4315909,5868
4315958,2296
4316006,21453
4316105,10617
4316204,5080
4316303,6797
4316402,39314
4316428,2605
4316436,2622
4316451,12481
4316477,2733
4316501,7889
4316600,16328
4316709,7909
4316733,1634
4316758,6681
4316808,131365
4316907,283677
4316956,6364
4316972,2578
4317004,8067
4317103,76321
4317202,73575
4317251,1726
4317301,29483
4317400,49360
4317509,77568
4317558,2123
4317608,43171
4317707,10050
4317756,2019
4317806,13848
4317905,14216
4317954,2305
4318002,60019
4318051,3083
4318101,18205
4318200,21801
4318309,62147
4318408,24412
4318424,4641
4318432,2543
4318440,2816
4318457,2514
4318465,1943
4318481,4865
4318499,2056
4318507,27721
4318606,6922
4318614,2437
4318622,3543
4318705,238648
4318804,43540
4318903,33293
4319000,21658
4319109,5380
4319125,3231
4319158,7683
4319208,5208
4319307,5720
4319356,3842
4319364,2017
4319372,2949
4319406,16148
4319505,25959
4319604,23555
4319703,3259
4319711,2245
4319737,2729
4319752,2266
4319802,8732
4319901,80037
4320008,141808
4320107,24763
4320206,10713
4320230,2891
4320263,7444
4320305,5107
4320321,2770
4320354,5609
4320404,17795
4320453,1924
4320503,5315
4320552,6537
4320578,1950
4320602,3631
4320651,2374
4320677,10162
4320701,15005
4320800,31035
4320859,4769
4320909,24552
4321006,10577
4321105,17332
4321204,57584
4321303,26885
4321329,3077
4321352,5483
4321402,13434
4321436,11315
4321451,33766
4321469,3055
4321477,5616
4321493,2772
4321501,39064
4321600,52632
4321626,2334
4321634,2643
4321667,11115
4321709,28581
4321808,23876
4321832,2669
4321857,4251
4321907,23852
4321956,5791
4322004,29856
4322103,5644
4322152,4577
4322186,1459
4322202,24068
4322251,4939
4322301,7810
4322327,3423
4322343,1983
4322350,1118
4322376,2321
4322400,126866
4322509,66575
4322525,3515
4322533,11828
4322541,5981
4322558,2122
4322608,71973
4322707,27099
4322806,26533
4322855,1795
4322905,4690
4323002,256302
4323101,4599
4323200,2860
4323309,3396
4323358,2080
4323408,4363
4323457,4277
4323507,2739
4323606,1557
4323705,2855
4323754,3092
4323770,3031
4323804,16775
5000203,15776
5000252,5417
5000609,39826
5000708,25237
5000807,9076
5000856,10932
5000906,9020
5001003,26069
5001102,48029
5001243,12332
5001508,7266
5001904,23325
5002001,11349
5002100,24735
5002159,7838
5002209,22190
5002308,11853
5002407,30593
5002605,13693
5002704,906092
5002803,6182
5002902,22002
5002951,25865
5003108,6054
5003157,15352
5003207,112058
5003256,21142
5003306,33459
5003454,12984
5003488,11467
5003504,5975
5003702,225495
5003751,12400
5003801,19170
5003900,3059
5004007,9950
5004106,9824
5004304,16176
5004403,7588
5004502,25162
5004601,21376
5004700,23232
5004809,9243
5004908,7265
5005004,26238
5005103,4021
5005152,6787
5005202,23689
5005251,7419
5005400,48022
5005608,28220
5005681,18473
5005707,55689
5005806,13862
5006002,22430
5006200,55224
5006259,3684
5006275,5654
5006309,42276
5006358,14404
5006408,7621
5006606,93937
5006903,17298
5007109,24966
5007208,38186
5007307,4793
5007406,19973
5007505,5079
5007554,7900
5007695,27221
5007703,10771
5007802,6542
5007901,59245
5007935,19721
5007950,11674
5007976,3588
5008008,22269
5008305,123281
5008404,6109
5100102,5334
5100201,26204
5100250,51959
5100300,19385
5100359,6936
5100409,12151
5100508,11473
5100607,11133
5100805,10283
5101001,3109
5101209,946
5101258,16951
5101308,9502
5101407,22714
5101605,8164
5101704,35307
5101803,61135
5101852,6706
5101902,20140
5102504,94861
5102603,16919
5102637,36143
5102678,45740
5102686,7070
5102694,4728
5102702,21842
5102793,10199
5102850,8749
5103007,19453
5103056,12245
5103106,5681
5103205,33649
5103254,39861
5103304,21008
5103353,31510
5103361,4101
5103379,20238
5103403,618124
5103437,5241
5103452,9544
5103502,22178
5103601,8159
5103700,14522
5103809,3452
5103858,7782
5103908,5592
5103957,3008
5104104,36130
5104203,15245
5104500,2779
5104526,7920
5104542,6885
5104559,3704
5104609,13552
5104807,27807
5104906,8451
5105002,8582
5105101,35121
5105150,41101
5105176,16335
5105200,11176
5105234,6186
5105259,67620
5105309,2058
5105507,16271
5105580,10301
5105606,16793
5105622,27941
5105903,15334
5106000,5923
5106109,13104
5106158,15685
5106174,3932
5106182,6751
5106190,3737
5106208,3805
5106216,12831
5106224,46813
5106232,20563
5106240,12298
5106257,20944
5106265,9363
5106273,4051
5106281,4938
5106299,11244
5106307,22861
5106315,2705
5106372,17446
5106422,35338
5106455,2649
5106505,33315
5106653,6843
5106703,1550
5106752,45774
5106778,12685
5106802,5363
5106828,12097
5106851,2877
5107008,15916
5107040,63092
5107065,17937
5107107,18846
5107156,2743
5107180,10329
5107198,2422
5107206,5150
5107248,4563
5107263,3155
5107297,4450
5107305,21011
5107354,5620
5107404,4771
5107578,4036
5107602,236042
5107701,17054
5107743,2633
5107750,3295
5107768,3506
5107776,8460
5107792,5334
5107800,16999
5107859,11843
5107875,26688
5107883,1678
5107909,146005
5107925,92769
5107941,9429
5107958,105711
5108006,14046
5108055,9473
5108105,3824
5108204,3547
5108303,3490
5108352,3126
5108402,287526
5108501,11402
5108600,26496
5108808,4464
5108857,3304
5108907,8850
5108956,9277
5200050,8958
5200100,20461
5200134,22546
5200159,2516
5200175,5793
5200209,1830
5200258,217698
5200308,28010
5200506,1986
5200555,6605
5200605,7688
5200803,8705
5200829,3845
5200852,6164
5200902,3069
5201108,391772
5201207,1160
5201306,21981
5201405,590146
5201454,2474
5201504,4232
5201603,3486
5201702,20273
5201801,10496
5202155,7783
5202353,2536
5202502,10110
5202601,3058
5202809,2409
5203104,5280
5203203,11408
5203302,30492
5203401,8869
5203500,25648
5203559,9919
5203575,4493
5203609,3746
5203807,5797
5203906,9484
5203939,2476
5203962,3283
5204003,8046
5204102,12666
5204201,1342
5204250,8031
5204300,16270
5204409,19107
5204508,93196
5204557,3848
5204607,3649
5204656,3632
5204706,12764
5204805,7738
5204854,7940
5204904,20007
5204953,1830
5205000,10186
5205059,3407
5205109,110983
5205208,5101
5205307,9725
5205406,22306
5205455,8703
5205471,10486
5205497,72890
5205513,20504
5205521,3360
5205703,2290
5205802,11169
5205901,9869
5206206,60210
5206305,2964
5206404,17044
5206503,3472
5206602,2837
5206701,3306
5206800,2953
5206909,2094
5207105,2479
5207253,7247
5207352,3688
5207402,12467
5207501,3264
5207535,6576
5207600,5553
5207808,13449
5207907,17005
5208004,123684
5208103,4172
5208152,3880
5208301,4778
5208400,11224
5208509,5625
5208608,71075
5208707,1536097
5208806,45296
5208905,22381
5209101,34202
5209150,5988
5209200,14207
5209291,1951
5209408,3846
5209457,1737
5209606,3733
5209705,22124
5209804,3508
5209903,14082
5209937,6235
5209952,15787
5210000,53259
5210109,27174
5210158,2893
5210208,31499
5210307,2786
5210406,43622
5210562,4685
5210604,5206
5210802,4475
5210901,23421
5211008,4685
5211206,25681
5211305,7259
5211404,8960
5211503,105809
5211602,2334
5211701,6025
5211800,51338
5211909,102065
5212006,2860
5212055,2506
5212105,7402
5212204,18371
5212253,1621
5212303,7651
5212501,211508
5212600,2363
5212709,9081
5212808,9363
5212907,2250
5212956,4336
5213004,14327
5213053,2583
5213087,28793
5213103,68154
5213400,1501
5213509,8684
5213707,8047
5213756,13672
5213772,4509
5213806,46548
5213855,2232
5213905,4206
5214002,15870
5214051,4713
5214101,3764
5214408,9260
5214507,30395
5214606,46730
5214705,2357
5214804,2222
5214838,12945
5214861,8112
5214879,2934
5214903,3236
5215009,10018
5215207,2843
5215231,117703
5215256,4544
5215306,15725
5215405,3723
5215504,6782
5215603,34430
5215652,3467
5215702,29392
5215801,2381
5215900,3582
5216007,2603
5216304,10140
5216403,10980
5216452,3143
5216809,10261
5216908,2194
5217104,24548
5217203,10272
5217302,25064
5217401,31686
5217609,90640
5217708,17860
5218003,45633
5218052,3931
5218102,4022
5218300,37414
5218391,3203
5218508,50701
5218607,10940
5218706,4817
5218789,4612
5218805,241518
5218904,19947
5219001,7632
5219100,6634
5219209,2819
5219258,5523
5219308,38808
5219357,3815
5219407,8935
5219456,3355
5219506,2252
5219605,3280
5219704,8562
5219712,4854
5219738,6440
5219753,75829
5219803,13103
5219902,6267
5220009,14085
5220058,1345
5220108,34157
5220157,5215
5220207,21920
5220264,4082
5220280,2037
5220405,20985
5220454,118451
5220504,8642
5220603,20816
5220686,6879
5220702,3001
5221007,3521
5221080,3498
5221197,8186
5221304,2830
5221403,129823
5221452,3498
5221502,4564
5221551,5365
5221577,2840
5221601,40840
5221700,13818
5221809,3066
5221858,172135
5221908,3838
5222005,13977
5222054,8873
5222203,6312
5222302,5882
5300108,3055149